Timestamp,Email,Status
2025-04-15 12:15:11.492186,rahul.sharma@technova.com,Failed: [Errno 11001] getaddrinfo failed
2025-04-15 12:16:11.496794,neha.verma@codex.com,Failed: [Errno 11001] getaddrinfo failed
2025-04-15 12:17:11.506415,amit.patel@softwave.io,Failed: [Errno 11001] getaddrinfo failed
2025-04-15 12:18:11.367761,rahul.sharma@technova.com,"Failed: (535, b'5.7.8 Username and Password not accepted. For more information, go to\n5.7.8  https://support.google.com/mail/?p=BadCredentials d9443c01a7336-22ac7cb5376sm110102785ad.186 - gsmtp')"
2025-04-15 12:19:14.025259,neha.verma@codex.com,"Failed: (535, b'5.7.8 Username and Password not accepted. For more information, go to\n5.7.8  https://support.google.com/mail/?p=BadCredentials 98e67ed59e1d1-306df06a165sm12280308a91.4 - gsmtp')"
2025-04-15 12:20:16.696499,amit.patel@softwave.io,"Failed: (535, b'5.7.8 Username and Password not accepted. For more information, go to\n5.7.8  https://support.google.com/mail/?p=BadCredentials 98e67ed59e1d1-306df08f71dsm12291362a91.23 - gsmtp')"
2025-04-15 12:21:18.536950,priya.singh@datacore.ai,"Failed: (535, b'5.7.8 Username and Password not accepted. For more information, go to\n5.7.8  https://support.google.com/mail/?p=BadCredentials 98e67ed59e1d1-306dd10c40dsm12457884a91.5 - gsmtp')"
2025-04-15 12:22:20.462679,karan.mehta@quantlabs.org,"Failed: (534, b'5.7.9 Application-specific password required. For more information, go to\n5.7.9  https://support.google.com/mail/?p=InvalidSecondFactor 98e67ed59e1d1-306dd10e4c9sm13894731a91.10 - gsmtp')"
2025-04-15 12:24:11.498650,rahul.sharma@technova.com,Sent
2025-04-15 12:29:36.676123,rahul.sharma@technova.com,Sent
2025-04-15 12:30:41.672431,neha.verma@codex.com,Sent
2025-04-15 12:31:46.477213,amit.patel@softwave.io,Sent
2025-04-15 12:32:50.712411,priya.singh@datacore.ai,Sent
2025-04-15 12:33:54.828103,karan.mehta@quantlabs.org,Sent
